title,url,duration_min,duration,views,upload_date
How to get SO rich you question the meaning of making money,https://www.youtube.com/watch?v=RdAKXJlMIZM,52,51:46,4500000,
"If I Wanted to Become a Millionaire In 2024, This is What I'd Do [FULL BLUEPRINT]",https://www.youtube.com/watch?v=VBoRLJimVzc,64,1:03:41,4000000,
13 Years Of Brutally Honest Business Advice in 90 Mins,https://www.youtube.com/watch?v=KhFlD54nQrY,90,1:30:00,3600000,
13 Years of No BS Business Advice in 79 Mins,https://www.youtube.com/watch?v=oRMG_HpOAN4,80,1:19:43,2900000,
How To Actually Get Rich In Your 20s,https://www.youtube.com/watch?v=aFoMYz_jWcs,70,1:10:03,2800000,
How to Win (At ANYTHING),https://www.youtube.com/watch?v=MNll1BaskLA,47,47:25,2300000,
Watch these 55 minutes if you want to be a millionaire in 2022..,https://www.youtube.com/watch?v=qxQIcDrre1E,54,53:38,2300000,
"If You Have Less Than $10,000 Saved. Please Watch This Video...",https://www.youtube.com/watch?v=ymFWgFiKUvM,27,27:05,2000000,
"If you’re ambitious but inconsistent, please watch this",https://www.youtube.com/watch?v=UDBkiBnMrHs,26,26:14,1900000,
If you want 2026 to be the best year of your life. Please watch this video…,https://www.youtube.com/watch?v=6KqndZuN_Yk,92,1:32:26,1900000,
"""I'm Broke, What Business Do I Start?""",https://www.youtube.com/watch?v=nIk3DedjxJM,25,24:43,1900000,
14 Life Lessons I Wish I Knew Earlier,https://www.youtube.com/watch?v=cq8GyLrEuAk,21,21:06,1900000,
How to Grow Your Business SO Fast in 2026 It Feels ILLEGAL,https://www.youtube.com/watch?v=HxEQCHpZzHk,63,1:03:08,1800000,
How to Get Rich [Full Interview with Dave Ramsey],https://www.youtube.com/watch?v=jvXOOddDg_s,66,1:06:05,1800000,
How to Get Ahead of 99% of People,https://www.youtube.com/watch?v=Nh8Oc7ERdIU,56,56:26,1800000,
REPROGRAM your mind to be rich in 22 minutes....,https://www.youtube.com/watch?v=9ySuYdJ0H4s,22,22:00,1800000,
Brutally Honest Truths That Give You an Unfair Advantage in Life,https://www.youtube.com/watch?v=MzAIP_WJ-jE,36,36:20,1700000,
You’re Wasting 80% of Your Time (here’s how to fix it),https://www.youtube.com/watch?v=GIRkQQHzsxI,37,36:57,1700000,
"If I Were Single and Starting Over, This Is What I Would Do",https://www.youtube.com/watch?v=jiCGLDhUCHY,27,27:09,1700000,
How to Make Money So Fast It Feels ILLEGAL,https://www.youtube.com/watch?v=k-3PoOT4vOM,41,40:53,1600000,
"If you're ambitious and in your 20s or 30s, please watch this.",https://www.youtube.com/watch?v=ub1D6RQocRU,36,35:44,1500000,
$100M CEO Explains How to Build A Brand in 2024,https://www.youtube.com/watch?v=VQM3DrnVTcs,38,37:53,1500000,
Advice I Wish Someone Gave Me When I Was Broke,https://www.youtube.com/watch?v=oys_fv25SYM,48,47:44,1500000,
Brutally Honest Advice to My Younger Poorer Self,https://www.youtube.com/watch?v=ln24y0FPJHo,25,24:59,1500000,
Can I Save This Failing Theme Park in 90 Days?,https://www.youtube.com/watch?v=xRxVpjeHmeA,29,28:53,1400000,
"If I Wanted To Become a Millionaire in 2026, This Is What I'd Do [FULL BLUEPRINT]",https://www.youtube.com/watch?v=AN2KpRBsmRY,78,1:18:24,1400000,
"After Closing 4000+ Sales, I Discovered a New Method to Close Deals Faster",https://www.youtube.com/watch?v=RVbvhPGFi6E,25,25:17,1400000,
How to Sell Better than 99% Of People (4 HOUR ULTIMATE GUIDE),https://www.youtube.com/watch?v=JE2_7elAcxM,283,4:43:19,1400000,
13 Years of Marketing Advice in 85 Mins,https://www.youtube.com/watch?v=reisEL_D7xc,85,1:25:24,1400000,
The Alex Hormozi Cookbook [REVEALED],https://www.youtube.com/watch?v=hGX_z5rXRlU,37,37:28,1400000,
The Best SALES TRAINING On The Internet,https://www.youtube.com/watch?v=NcD2t9qt-fM,83,1:23:19,1400000,
The Ultimate Sales Training for 2026 [Full Course],https://www.youtube.com/watch?v=StVqS0jD7Ls,154,2:34:01,1300000,
How I Would Build a $10M Service Business (If I Had to Start Over),https://www.youtube.com/watch?v=o64cI6tebnU,27,26:46,1200000,
"If You're in Your 20s or 30s, Here's How to Win (at Anything)",https://www.youtube.com/watch?v=0lMn_-EXyhQ,24,23:39,1200000,
"Seriously, watch this before you go to college",https://www.youtube.com/watch?v=nxL4ZfVqKLI,29,29:11,1200000,
You'll Find This Video When You Need it Most,https://www.youtube.com/watch?v=IFElGv5ZmRM,43,43:07,1100000,
No BS Advice to Get Rich Like the 1%,https://www.youtube.com/watch?v=oDK4g5na4Jw,64,1:04:28,1100000,
"If you want 2026 to be the best year of your life, please watch this video...",https://www.youtube.com/watch?v=vhOV_Od0A3M,451,7:30:44,1000000,
It's Actually Pretty Easy to Get Ahead of 99% of People,https://www.youtube.com/watch?v=TFxT3G5jwtU,24,23:56,1000000,
No BS Advice to Get Rich in the Next 10 Years,https://www.youtube.com/watch?v=oZ-H_TjSzok,46,45:55,1000000,
You're Not Behind: My System for Outworking Everyone,https://www.youtube.com/watch?v=gD0X-PLax5I,33,33:03,1000000,
30 Minutes of sales training that will explode your business in 2022,https://www.youtube.com/watch?v=oi7bnS8uyJM,31,31:15,1000000,
Brutally Honest Advice to my Poorer Younger Self,https://www.youtube.com/watch?v=DiQ3N8F1Hl8,28,27:39,969000,
How I Would Build a Business in 2026 (If I Had to Start Over),https://www.youtube.com/watch?v=i7bLRKwKSms,27,27:02,956000,
You Get Rich By Not Focusing On Getting Rich,https://www.youtube.com/watch?v=Uki3IUkUu7Q,31,30:32,956000,
Brutally Honest Advice to Build Your Confidence,https://www.youtube.com/watch?v=pt50QF6al8g,25,25:16,919000,
Your biggest advantage is no one knows who you are,https://www.youtube.com/watch?v=prj1bnTAM8A,37,37:22,916000,
My Actual Social Media Strategy For 2026,https://www.youtube.com/watch?v=dMZ-n2KSlxE,25,25:08,894000,
"If You Want To Create Wealth In 2026, Watch This (4 Paths)",https://www.youtube.com/watch?v=sL16tsGafcQ,25,25:13,855000,
You're Not Behind: My System for Outlearning Everyone,https://www.youtube.com/watch?v=3Ju1I37jWUM,26,25:52,848000,
How to Win With AI in 2026,https://www.youtube.com/watch?v=9q5ojtkqsBs,24,24:19,842000,
This video will make you more money than anything else on the Internet,https://www.youtube.com/watch?v=4GjwtnA76ig,44,43:54,814000,
"Building a $1,000,000 Business for a Stranger in 56 Mins",https://www.youtube.com/watch?v=nrounb8NlFQ,56,56:08,804000,
81 Minutes of Money Making Advice You Needed to Know Yesterday,https://www.youtube.com/watch?v=U_s0ekwPK5g,81,1:21:22,786000,
Watch This To Generate 1000s of Leads (In Any Niche),https://www.youtube.com/watch?v=Mst4hreQYl0,32,31:32,783000,
My Full Body Workout (with Chris Williamson),https://www.youtube.com/watch?v=ABOd589OyTM,44,43:59,783000,
How To Get Customers So Fast It Feels ILLEGAL,https://www.youtube.com/watch?v=FMzKk73iUhw,42,41:43,773000,
watch this if you want to find your purpose in life,https://www.youtube.com/watch?v=M4evdxF5G0s,86,1:26:28,754000,
15 Brutal Truths I Know at 36 That I Wish I Knew at 20,https://www.youtube.com/watch?v=XGm2ERU9qtA,28,28:05,753000,
Learn Email Marketing in 39 Minutes!,https://www.youtube.com/watch?v=pLhQOYMGa88,39,39:18,745000,
Build a Mind So Strong It Scares People,https://www.youtube.com/watch?v=SE9_1PYsaP0,23,22:45,739000,
"If You Want to Start a Business in 2024, Watch This Interview",https://www.youtube.com/watch?v=YZdE8U5eD_s,89,1:29:01,718000,
How I Gained 7.8 Million Followers In 40 Months (6 Key Lessons),https://www.youtube.com/watch?v=HVOubeXUcx0,46,45:32,702000,
"The Business Model That’s So Simple, Anyone Can Try It",https://www.youtube.com/watch?v=CaiLcj6tzBQ,37,36:46,701000,
Learn Paid Ads in 30 Minutes!,https://www.youtube.com/watch?v=fSbqaTlWaYI,31,30:44,698000,
"Give Me 42 Minutes, I'll Show You How To Sell Like The Top 1%",https://www.youtube.com/watch?v=zzleYxkf39k,42,42:18,693000,
"If I Had To Start a Business From Scratch, I'd Do This",https://www.youtube.com/watch?v=HsQeQM1jUeg,43,42:37,674000,
How to Change Your Life,https://www.youtube.com/watch?v=MZPVPCIeUpg,20,20:27,667000,
How to make SO much money it makes you sick,https://www.youtube.com/watch?v=I64gYLBrics,52,52:21,667000,
Business Was Hard Until I Understood These 4 Concepts,https://www.youtube.com/watch?v=F84olnKkseM,39,38:51,665000,
3 Hours of Money Making Advice You Needed To Know Yesterday,https://www.youtube.com/watch?v=TooAB8Ow6cQ,215,3:34:54,617000,
How to Start a Business From Nothing (Thank Me Later),https://www.youtube.com/watch?v=unshZobTt6Q,77,1:17:13,615000,
This Video Should Be Required Viewing for Business Owners,https://www.youtube.com/watch?v=uaLNfijnp-8,37,37:14,602000,
How the top 1% make their money,https://www.youtube.com/watch?v=fD-sxKiB30M,26,25:37,602000,
Sales Was Hard Until I Understood These 9 Concepts,https://www.youtube.com/watch?v=cy2k1GdA-9o,51,51:21,597000,
How to Articulate Your Thoughts More Clearly Than 99% of People,https://www.youtube.com/watch?v=s6tkRztZwYc,21,20:56,578000,
I paid 0% tax on 56% of my income...here's how..,https://www.youtube.com/watch?v=w5g0JiO7OdE,35,35:21,577000,
"Building a $1,000,000 Business for a Stranger in 69 Minutes",https://www.youtube.com/watch?v=Wr6n_zNKvMk,70,1:09:44,576000,
Stop Being Broke. Get Busy.,https://www.youtube.com/watch?v=H_ZLs1-jOKQ,20,20:24,560000,
how to outlearn everyone,https://www.youtube.com/watch?v=q9qBqnhdWKw,30,30:13,554000,
My Evidence Based Guide to Making Money Online [TIER LIST],https://www.youtube.com/watch?v=wR8KoE8u1p0,57,57:04,530000,
Dangerously Honest Advice to Create Generational Wealth,https://www.youtube.com/watch?v=m-k0_pQJ1fY,45,45:07,527000,
I Reverse Engineered the Perfect Business,https://www.youtube.com/watch?v=HKbFUWJwEG0,64,1:04:11,526000,
26 Harsh Lessons I Learned in 2025,https://www.youtube.com/watch?v=YONIUpk-kAs,103,1:42:33,524000,
Stop Caring What Others Think of You So Much,https://www.youtube.com/watch?v=qqjGxVW-Ae0,38,37:52,520000,
14 Years of Marketing Advice in 35 Minutes,https://www.youtube.com/watch?v=JDR-R--4HhM,36,35:34,515000,
I Taught 116+ Salesmen My Closing Framework,https://www.youtube.com/watch?v=q32-l3Yoqg4,36,36:09,510000,
How To Grow ANY Business FASTER (Masterclass),https://www.youtube.com/watch?v=qsXxckCbci0,80,1:19:36,498000,
How the Top 1% Actually Think About Money,https://www.youtube.com/watch?v=6BQ3whjWG3M,28,28:03,495000,
I Doubled A Business in 60 Days to Show It's Not Luck (Part 1),https://www.youtube.com/watch?v=c_6BrF7jOGk,25,24:36,480000,
This Idea Will Make Your Business Unstoppable,https://www.youtube.com/watch?v=m5ordaa7NN4,29,29:01,475000,
How to Speak So Well People Give You Money,https://www.youtube.com/watch?v=sGakuNs9mT4,21,21:29,471000,
No BS Business Advice to Get Rich in 2026,https://www.youtube.com/watch?v=cnbHgYYHzyE,156,2:36:12,463000,
"If I Wanted to Get Rich and Famous, This Is What I'd Do",https://www.youtube.com/watch?v=5JLqmQlGG0U,57,57:27,459000,
54.1% of People Who Try This Make their 1st Dollar Online,https://www.youtube.com/watch?v=IFpHasZ7jN4,66,1:05:58,451000,
"If I Wanted To Grow An Audience In 2026, I'd Do This",https://www.youtube.com/watch?v=Jmkq5RLjm0U,161,2:40:34,450000,
I will never lose sleep again after learning this..,https://www.youtube.com/watch?v=55H71isO_Bo,28,28:09,447000,
"Building a $5,000,000 Business for a Stranger in 42 Mins",https://www.youtube.com/watch?v=sBJppqCeFGI,42,42:17,430000,
I Lost $100 Million... Here's What I Learned,https://www.youtube.com/watch?v=tdLLGKoBojo,47,47:19,426000,
Million Dollar Equations,https://www.youtube.com/watch?v=QGcjweehrvU,24,23:30,423000,
How to get what you want every time,https://www.youtube.com/watch?v=Jc2UW3nlNBA,21,21:17,404000,
Why you aren't making as much money as you want,https://www.youtube.com/watch?v=ZuJryiwxjDw,38,37:37,402000,
I Tried This Simple Business Strategy for 60 Days. This is what happened,https://www.youtube.com/watch?v=yPDQCfrwh8E,25,24:36,396000,
The 3 Fastest Ways I Know To Grow Any Business,https://www.youtube.com/watch?v=ovL6Z5z0jxQ,27,27:07,394000,
Sick of Shiny Object Syndrome? Watch This,https://www.youtube.com/watch?v=07jC6ooRIHw,22,21:50,393000,
This ONE Equation Will Make You RICH,https://www.youtube.com/watch?v=5MHQr-Z17Hc,23,22:55,393000,
Watch This To Get Ahead In 2026,https://www.youtube.com/watch?v=spXH1kJ6q-Q,56,55:50,385000,
You can make way more money than you think,https://www.youtube.com/watch?v=hnmBXTyMFKI,27,26:54,384000,
"Building a $3,500,000 Business for a Stranger in 51 Mins",https://www.youtube.com/watch?v=BMF2fWHyDrg,52,51:46,382000,
How to 10x Your Business Overnight with Influencers,https://www.youtube.com/watch?v=Z2tgZC_XkT4,44,43:45,373000,
I sold everything,https://www.youtube.com/watch?v=RBR4BwOVNvs,22,22:28,369000,
This Email Campaign Generates Sales [Full Breakdown],https://www.youtube.com/watch?v=OpeN4O5myIg,22,22:03,357000,
4 Ways To Get Ahead of 99% of People,https://www.youtube.com/watch?v=s7QA1TJKlbQ,30,29:34,344000,
I Discovered The Easiest Million Dollar Business to Start in 2024,https://www.youtube.com/watch?v=Rm4zRdLAyjw,23,22:57,340000,
"If I Wanted To Scale A Service Business In 2026, Here's What I'd Do",https://www.youtube.com/watch?v=N5MExtki_VI,57,57:01,339000,
GENIUS Strategy To Make Everyone Want to Buy Your Stuff,https://www.youtube.com/watch?v=5MjjpB8SPMo,31,31:21,330000,
Watch This If You Have a Service Business,https://www.youtube.com/watch?v=jqo0lVveh98,45,44:49,327000,
Business is now on ‘Easy Mode” in 2026 (here’s why),https://www.youtube.com/watch?v=Ds_Qp2U5I8U,30,30:19,326000,
How to Get Rich for Service-Based Businesses (Thank Me Later),https://www.youtube.com/watch?v=mRlSb0O5QNU,39,39:00,319000,
My 7 year journey to making my first million.,https://www.youtube.com/watch?v=Xb9ZOA6zypU,31,31:04,310000,
"Copy This Strategy, It'll Blow Up Your Business",https://www.youtube.com/watch?v=DaRXece2ItE,21,20:32,305000,
Watch These 51 Minutes if You Want to Grow Your Business in 2026 (Dave Ramsey Interview),https://www.youtube.com/watch?v=-HJg4TYBgtI,51,50:59,297000,
How to Grow Your Business So FAST it Makes Your Accountant Nervous,https://www.youtube.com/watch?v=sGv2BTUCcCM,36,36:17,296000,
You're WASTING Your Chance to Make INSANE Money,https://www.youtube.com/watch?v=QTZsh3BgOwY,80,1:19:58,293000,
"Give Me 47 minutes, And I'll Fix Your Small Business",https://www.youtube.com/watch?v=sjt5G3YPjmY,47,47:03,291000,
"If I Wanted to Create a Business That Runs Itself, Here's What I'd Do",https://www.youtube.com/watch?v=mr4Pw66_490,28,27:48,289000,
What Makes The Perfect Business (5 Things),https://www.youtube.com/watch?v=3fsJFUvA6Ts,21,20:40,284000,
How to Get Anyone to Do Anything You Want,https://www.youtube.com/watch?v=aUnorufFIq8,28,27:43,283000,
"If you're not unbelievably rich yet, this is why",https://www.youtube.com/watch?v=h6y0nYVZgwE,64,1:04:25,277000,
"Building a brand, but it’s on easy mode instead",https://www.youtube.com/watch?v=UGEc9-7X3OQ,23,23:11,273000,
"Building a $3,000,000 Business for a Stranger in 31 Minutes | Scale or Fail",https://www.youtube.com/watch?v=j2TZMFkj71Q,30,30:19,270000,
Business is hard until you do this,https://www.youtube.com/watch?v=CoPs-Bk8M9Y,26,26:26,267000,
"Building a $3,000,000 Business for a Stranger in 57 Mins",https://www.youtube.com/watch?v=n6SHLmKcY0E,58,57:54,266000,
This Video Will Make Your Business Unstoppable,https://www.youtube.com/watch?v=thDTmy7VGIw,33,33:01,260000,
10x Revenue with 1 New Sales Process (You Can Steal It),https://www.youtube.com/watch?v=1UhvBSQFy6A,33,32:50,255000,
The Top 1% of Business Owners Aren't Smarter Than You,https://www.youtube.com/watch?v=q9OmYf_IlQ0,51,50:36,252000,
GROWTH LEVERS: Big Business Owner Explains Real World Tactics That Work,https://www.youtube.com/watch?v=F3NyhOtRpOE,48,48:17,248000,
How I built a 1.2M follower audience in 6 months,https://www.youtube.com/watch?v=WrCt0R3FBFs,69,1:08:32,244000,
It took me 36 years to realize what I’ll tell you in 26 minutes…,https://www.youtube.com/watch?v=_KlZoPxbStk,27,26:56,241000,
Business Owners: You NEED to Know This Number,https://www.youtube.com/watch?v=jzKpAtzKQ54,28,28:27,241000,
Making Money is a Game (Here's the Cheat Code),https://www.youtube.com/watch?v=nSQdjim8CsE,31,31:04,238000,
The REAL Reason You’re Not Making as Much Money As You Want,https://www.youtube.com/watch?v=zNiXk_3C_Io,21,21:14,233000,
"Building a $2,500,000 Business for a Stranger in 36 Minutes",https://www.youtube.com/watch?v=OQf2Ba-Lp_4,36,36:19,232000,
The 8 Laws of Business I Learned From Charlie Munger,https://www.youtube.com/watch?v=C_SgvSvJZdk,20,20:08,230000,
My Full Workout with Chris Bumstead [6x Mr. Olympia Champion],https://www.youtube.com/watch?v=7qy-EPc2gYU,38,37:48,227000,
I Confronted a Stranger With a Failing Business...,https://www.youtube.com/watch?v=6Fg4VXjRphQ,38,37:57,226000,
"Why ""Following Your Dreams"" is Keeping You Poor",https://www.youtube.com/watch?v=6uhd-FiCggg,25,24:48,224000,
7 Ways To Get Customers for Free,https://www.youtube.com/watch?v=qpQvdBFW_yI,21,21:05,222000,
Your Business Is NOT What You Think It Is,https://www.youtube.com/watch?v=rj7rzOdj84A,41,41:05,221000,
"Building a $2,300,000/yr Business for a Stranger in 57 Mins",https://www.youtube.com/watch?v=-Koq14DPXC4,58,57:34,219000,
I Helped 6 Business Owners Make More Money,https://www.youtube.com/watch?v=aBPWCdaJJqA,40,39:40,217000,
How to Get SO Rich You Realize Money Has No Meaning,https://www.youtube.com/watch?v=4Yz8ggEv0NU,65,1:05:25,214000,
"The Mathematics of Business, Explained",https://www.youtube.com/watch?v=A_tx40lNpf8,62,1:02:24,210000,
My $100M Leads Affiliate Marketing Guide,https://www.youtube.com/watch?v=60_7PU9JDIw,26,26:16,210000,
"If You Hate Selling, Please Watch This | Scale or Fail",https://www.youtube.com/watch?v=8VqSFBMMS4M,36,36:12,209000,
"Building a $3,500,000 Business for Two Strangers in 52 Minutes",https://www.youtube.com/watch?v=h9UyQiLjSHg,52,52:13,208000,
How to Become Ultra Wealthy (4 Methods),https://www.youtube.com/watch?v=BO_59sGxztY,61,1:00:49,206000,
I Blew Up A Secret Business To Prove It’s Not Luck,https://www.youtube.com/watch?v=SmiOK8Yun4s,29,29:22,203000,
7 Ways to Get People to Buy More Times,https://www.youtube.com/watch?v=sPkMHh8zTMI,30,29:57,203000,
I emailed myself all of my failures for the last 5 years...this is what I learned..,https://www.youtube.com/watch?v=QQGHCG8d1So,56,56:07,203000,
"How I Scaled My Sales Team [Compensation, Recruiting & Training]",https://www.youtube.com/watch?v=okA9Yt2KZuk,70,1:09:39,203000,
10x Your Profit. 10x Your Pricing. 10x Your Business. [Here's how],https://www.youtube.com/watch?v=9unucIBuNio,30,30:29,199000,
This Business Was Stuck. Here's How I Fixed It.,https://www.youtube.com/watch?v=4GQLJjH9-oA,32,32:27,198000,
Make More Profit than 99% of People,https://www.youtube.com/watch?v=41EvCgwPrDc,32,31:47,193000,
"More Followers Won't Make You Rich, But This Will",https://www.youtube.com/watch?v=lEIqyLE4iOY,42,42:11,192000,
13 Ways to DESTROY Your Competition (Legally),https://www.youtube.com/watch?v=Lc8DNduiwKA,43,42:48,191000,
"Building a $12,000,000 Business for a Stranger in 25 Minutes",https://www.youtube.com/watch?v=MH-IMJxbUY4,25,24:47,188000,
Answering Your Top Business Questions for 1 Hour,https://www.youtube.com/watch?v=QwEb78e5a8Y,33,32:36,188000,
7 Millionaires Asked Me How to Get Rich(er),https://www.youtube.com/watch?v=bgBIO6nZawg,36,35:55,183000,
"Business Owners, We Have a Problem",https://www.youtube.com/watch?v=rhVxX5_8xUw,34,34:19,182000,
Why Doing More Is Actually Making You Less Money,https://www.youtube.com/watch?v=hfwZwPGsbIo,21,21:27,176000,
Business Owners: You're (Probably) Not Good Enough,https://www.youtube.com/watch?v=Luvfw14pVx4,23,22:36,175000,
"He Makes $600,000,000/Yr Selling Bacon",https://www.youtube.com/watch?v=orMbq2LtzKE,93,1:32:59,174000,
Watch this to keep more customers,https://www.youtube.com/watch?v=afbP6sB_Atc,41,40:39,169000,
LEAKED: Street millionaire employee training...how he REALLY got rich..,https://www.youtube.com/watch?v=a0hUVFYzv3k,47,47:04,168000,
I Just Learned This After 14 Years of Business,https://www.youtube.com/watch?v=uYds0zcAFWM,34,34:16,162000,
The Ultra Rich Playbook [Legal & Tax-Free],https://www.youtube.com/watch?v=6x3re5-Ms1E,27,27:24,161000,
Your Failures Can Make You Rich (if you write them down),https://www.youtube.com/watch?v=SasEJE4FI-I,31,31:05,159000,
How the Top 1% ACTUALLY Make Their Money,https://www.youtube.com/watch?v=wtsX7WHQMFM,37,37:12,158000,
"Building a $1,000,000 Business for a Stranger in 26 Minutes",https://www.youtube.com/watch?v=HGZOxBfnF-E,26,26:16,155000,
$100M Worth of Marketing Knowledge in 32 Minutes | Scale or Fail,https://www.youtube.com/watch?v=B-ogfFiQpXg,32,31:31,153000,
4 Steps to Unf*** Your Business,https://www.youtube.com/watch?v=kloJJeiysxg,42,42:14,152000,
KEYNOTE: Small To BIG. The Big 4 Customer Acquisition Models.,https://www.youtube.com/watch?v=XwZH-lOKG9c,88,1:27:45,152000,
The Biggest MYTH You Probably Still Believe,https://www.youtube.com/watch?v=kQFSiEDvXws,25,25:09,149000,
Money Lessons I Learned In Marriage.,https://www.youtube.com/watch?v=oK2_u-uS_Bo,42,41:34,148000,
58 Mins of Advice That Will Blow Up Your Business,https://www.youtube.com/watch?v=rc7cxL7ql7Y,59,58:35,144000,
$100M Investor Answers The Most Important Business Questions for 1 Hour,https://www.youtube.com/watch?v=--9kOXNCUdE,65,1:04:33,142000,
I Posted ONLY Business Content for 30 Days [STRATEGY REVEALED],https://www.youtube.com/watch?v=JOfsujnXxCg,25,25:24,129000,
10 Millionaires Asked Me How to Get Richer,https://www.youtube.com/watch?v=6m6DCQMASEM,60,59:35,126000,
I Helped Business Owners Overcome Their Fear of Failure,https://www.youtube.com/watch?v=0_Gf5v8DEMY,37,36:38,124000,
Big Business Owner Shares 1 YR of Wealth Lessons in 63min,https://www.youtube.com/watch?v=Fy8XX8EuEnA,63,1:03:22,122000,
Helping E-Commerce Business Owners Scale,https://www.youtube.com/watch?v=8C_6qojTA78,41,40:53,119000,
Recruiting and Hiring Tips - How to Hire The Best Employees,https://www.youtube.com/watch?v=cemduJKQl5w,31,30:44,119000,
STEAL Ryan Reynolds' $1.3B Marketing Strategy [NO FAME REQUIRED],https://www.youtube.com/watch?v=HwPXctiw_rY,63,1:02:58,115000,
You Made Your Customers ANGRY... Now What?,https://www.youtube.com/watch?v=p39nLmVtOjc,25,25:02,112000,
9 Money Beliefs of the Ultra Wealthy,https://www.youtube.com/watch?v=d0dBZbd13jM,32,32:22,108000,
Breaking down Rihanna’s Company (Real Tactics You Can Use),https://www.youtube.com/watch?v=eX3Ch_HuR70,43,43:20,107000,
I Ranked the Best Superbowl Ads 2026 [TIER LIST],https://www.youtube.com/watch?v=npi7UeOE_0o,34,33:38,96000,
Helping 4 Educational Business Owners Build a $1M Business in 25 Minutes,https://www.youtube.com/watch?v=BYpTRiRqS1Y,25,25:17,95000,
Helping 6 Business Owners Scale in 33 Minutes,https://www.youtube.com/watch?v=0EqJD2o-Mnk,34,33:51,93000,
REVEALING Black Friday Secrets To Use In Your Business (feat. Shopify's President),https://www.youtube.com/watch?v=YUXLJauT4eY,70,1:09:44,81000,
I Sold My Company at 31: My Detailed Breakdown of the Decision,https://www.youtube.com/watch?v=_gcqwupsza8,33,33:05,81000,
Build Your Business Like Harvard,https://www.youtube.com/watch?v=FiL0r5_dUvM,26,25:32,79000,
Biden's tax plan.....,https://www.youtube.com/watch?v=FNJpJG-sSXM,20,20:28,54000,
Explaining How Anyone Can Make $100M® Offers,https://www.youtube.com/watch?v=neTSqOAMgao,50,49:32,43000,
I sold 8 businesses by age 32 [here’s how],https://www.youtube.com/watch?v=pWbSl7d0tEc,42,42:23,34000,
My Address To The Gym Industry At The Onset of COVID,https://www.youtube.com/watch?v=_tF3ODk56hg,27,27:24,14000,
We Broke The Guinness World Record In 24 Hours,https://www.youtube.com/watch?v=u3H7CfpfwHQ,27,27:24,0,
We Made a BIG Decision...,https://www.youtube.com/watch?v=OUI12JmD-lM,62,1:02:21,0,
Answering Juicy Questions About Our Relationship,https://www.youtube.com/watch?v=hCgr7jT7JLA,20,20:02,0,
